2026-05-15T08:53:01+00:00	C1_START tag=bimcv_ct_variants_cv_20260516 batch=512 workers=8 concurrency=4 gpus=[0 1 2 3]
2026-05-15T08:53:03+00:00	CONFIGS_GENERATED 240
2026-05-15T08:53:03+00:00	LAUNCHED gpu=0 runs=60
2026-05-15T08:53:03+00:00	LAUNCHED gpu=1 runs=60
2026-05-15T08:53:03+00:00	LAUNCHED gpu=2 runs=60
2026-05-15T08:53:03+00:00	START gpu=0 3slice_f01_s43_teacher
2026-05-15T08:53:03+00:00	START gpu=0 3slice_f04_s42_teacher
2026-05-15T08:53:03+00:00	START gpu=0 3slice_f02_s44_teacher
2026-05-15T08:53:03+00:00	LAUNCHED gpu=3 runs=60
2026-05-15T08:53:03+00:00	C1_ALL_LAUNCHED total=240
2026-05-15T08:53:03+00:00	START gpu=0 3slice_f00_s42_teacher
2026-05-15T08:53:03+00:00	START gpu=1 3slice_f01_s44_teacher
2026-05-15T08:53:03+00:00	START gpu=1 3slice_f00_s43_teacher
2026-05-15T08:53:03+00:00	START gpu=1 3slice_f03_s42_teacher
2026-05-15T08:53:03+00:00	START gpu=1 3slice_f04_s43_teacher
2026-05-15T08:53:03+00:00	START gpu=2 3slice_f02_s42_teacher
2026-05-15T08:53:03+00:00	START gpu=2 3slice_f03_s43_teacher
2026-05-15T08:53:03+00:00	START gpu=2 3slice_f00_s44_teacher
2026-05-15T08:53:03+00:00	START gpu=2 3slice_f04_s44_teacher
2026-05-15T08:53:03+00:00	START gpu=3 3slice_f01_s42_teacher
2026-05-15T08:53:03+00:00	START gpu=3 drr_f00_s42_teacher
2026-05-15T08:53:03+00:00	START gpu=3 3slice_f03_s44_teacher
2026-05-15T08:53:03+00:00	START gpu=3 3slice_f02_s43_teacher
2026-05-15T08:53:54+00:00	DONE gpu=3 drr_f00_s42_teacher
2026-05-15T08:54:03+00:00	DONE_TEST gpu=3 drr_f00_s42_teacher
2026-05-15T08:54:03+00:00	START gpu=3 drr_f01_s43_teacher
2026-05-15T08:54:05+00:00	DONE gpu=2 3slice_f00_s44_teacher
2026-05-15T08:54:06+00:00	DONE gpu=3 3slice_f01_s42_teacher
2026-05-15T08:54:07+00:00	DONE gpu=2 3slice_f02_s42_teacher
2026-05-15T08:54:07+00:00	DONE gpu=0 3slice_f01_s43_teacher
2026-05-15T08:54:08+00:00	DONE gpu=1 3slice_f01_s44_teacher
2026-05-15T08:54:08+00:00	DONE gpu=3 3slice_f02_s43_teacher
2026-05-15T08:54:10+00:00	DONE gpu=1 3slice_f00_s43_teacher
2026-05-15T08:54:10+00:00	DONE gpu=2 3slice_f03_s43_teacher
2026-05-15T08:54:10+00:00	DONE gpu=0 3slice_f00_s42_teacher
2026-05-15T08:54:10+00:00	DONE gpu=0 3slice_f02_s44_teacher
2026-05-15T08:54:10+00:00	DONE gpu=3 3slice_f03_s44_teacher
2026-05-15T08:54:11+00:00	DONE gpu=0 3slice_f04_s42_teacher
2026-05-15T08:54:11+00:00	DONE gpu=1 3slice_f03_s42_teacher
2026-05-15T08:54:11+00:00	DONE gpu=1 3slice_f04_s43_teacher
2026-05-15T08:54:11+00:00	DONE gpu=2 3slice_f04_s44_teacher
2026-05-15T08:54:15+00:00	DONE_TEST gpu=2 3slice_f00_s44_teacher
2026-05-15T08:54:15+00:00	START gpu=2 drr_f01_s42_teacher
2026-05-15T08:54:16+00:00	DONE_TEST gpu=3 3slice_f01_s42_teacher
2026-05-15T08:54:16+00:00	START gpu=3 drr_f02_s44_teacher
2026-05-15T08:54:17+00:00	DONE_TEST gpu=2 3slice_f02_s42_teacher
2026-05-15T08:54:17+00:00	START gpu=2 drr_f02_s43_teacher
2026-05-15T08:54:18+00:00	DONE_TEST gpu=0 3slice_f01_s43_teacher
2026-05-15T08:54:18+00:00	START gpu=0 drr_f00_s43_teacher
2026-05-15T08:54:19+00:00	DONE_TEST gpu=1 3slice_f01_s44_teacher
2026-05-15T08:54:19+00:00	START gpu=1 drr_f00_s44_teacher
2026-05-15T08:54:20+00:00	DONE_TEST gpu=3 3slice_f02_s43_teacher
2026-05-15T08:54:20+00:00	START gpu=3 drr_f04_s42_teacher
2026-05-15T08:54:21+00:00	DONE_TEST gpu=2 3slice_f03_s43_teacher
2026-05-15T08:54:21+00:00	START gpu=2 drr_f03_s44_teacher
2026-05-15T08:54:21+00:00	DONE_TEST gpu=0 3slice_f00_s42_teacher
2026-05-15T08:54:22+00:00	START gpu=0 drr_f01_s44_teacher
2026-05-15T08:54:22+00:00	DONE_TEST gpu=1 3slice_f00_s43_teacher
2026-05-15T08:54:22+00:00	START gpu=1 drr_f02_s42_teacher
2026-05-15T08:54:22+00:00	DONE_TEST gpu=3 3slice_f03_s44_teacher
2026-05-15T08:54:22+00:00	START gpu=3 mid_f00_s43_teacher
2026-05-15T08:54:22+00:00	DONE_TEST gpu=0 3slice_f02_s44_teacher
2026-05-15T08:54:22+00:00	START gpu=0 drr_f03_s42_teacher
2026-05-15T08:54:23+00:00	DONE_TEST gpu=2 3slice_f04_s44_teacher
2026-05-15T08:54:23+00:00	START gpu=2 mid_f00_s42_teacher
2026-05-15T08:54:23+00:00	DONE_TEST gpu=1 3slice_f03_s42_teacher
2026-05-15T08:54:23+00:00	START gpu=1 drr_f03_s43_teacher
2026-05-15T08:54:23+00:00	DONE_TEST gpu=1 3slice_f04_s43_teacher
2026-05-15T08:54:23+00:00	START gpu=1 drr_f04_s44_teacher
2026-05-15T08:54:23+00:00	DONE_TEST gpu=0 3slice_f04_s42_teacher
2026-05-15T08:54:23+00:00	START gpu=0 drr_f04_s43_teacher
2026-05-15T08:54:59+00:00	DONE gpu=3 drr_f01_s43_teacher
2026-05-15T08:55:07+00:00	DONE_TEST gpu=3 drr_f01_s43_teacher
2026-05-15T08:55:07+00:00	START gpu=3 mid_f01_s44_teacher
2026-05-15T08:55:08+00:00	DONE gpu=2 drr_f01_s42_teacher
2026-05-15T08:55:10+00:00	DONE gpu=3 drr_f02_s44_teacher
2026-05-15T08:55:12+00:00	DONE gpu=2 drr_f02_s43_teacher
2026-05-15T08:55:12+00:00	DONE gpu=3 mid_f00_s43_teacher
2026-05-15T08:55:13+00:00	DONE gpu=1 drr_f00_s44_teacher
2026-05-15T08:55:14+00:00	DONE gpu=2 mid_f00_s42_teacher
2026-05-15T08:55:15+00:00	DONE gpu=2 drr_f03_s44_teacher
2026-05-15T08:55:15+00:00	DONE gpu=0 drr_f00_s43_teacher
2026-05-15T08:55:16+00:00	DONE gpu=3 drr_f04_s42_teacher
2026-05-15T08:55:18+00:00	DONE gpu=0 drr_f03_s42_teacher
2026-05-15T08:55:18+00:00	DONE gpu=0 drr_f01_s44_teacher
2026-05-15T08:55:18+00:00	DONE gpu=1 drr_f04_s44_teacher
2026-05-15T08:55:18+00:00	DONE_TEST gpu=2 drr_f01_s42_teacher
2026-05-15T08:55:18+00:00	START gpu=2 mid_f01_s43_teacher
2026-05-15T08:55:18+00:00	DONE gpu=1 drr_f02_s42_teacher
2026-05-15T08:55:19+00:00	DONE gpu=1 drr_f03_s43_teacher
2026-05-15T08:55:20+00:00	DONE gpu=0 drr_f04_s43_teacher
2026-05-15T08:55:20+00:00	DONE_TEST gpu=3 drr_f02_s44_teacher
2026-05-15T08:55:20+00:00	START gpu=3 mid_f03_s42_teacher
2026-05-15T08:55:22+00:00	DONE_TEST gpu=2 drr_f02_s43_teacher
2026-05-15T08:55:22+00:00	START gpu=2 mid_f02_s44_teacher
2026-05-15T08:55:23+00:00	DONE_TEST gpu=3 mid_f00_s43_teacher
2026-05-15T08:55:23+00:00	START gpu=3 mid_f04_s43_teacher
2026-05-15T08:55:24+00:00	DONE_TEST gpu=1 drr_f00_s44_teacher
2026-05-15T08:55:24+00:00	START gpu=1 mid_f01_s42_teacher
2026-05-15T08:55:24+00:00	DONE_TEST gpu=2 mid_f00_s42_teacher
2026-05-15T08:55:24+00:00	START gpu=2 mid_f04_s42_teacher
2026-05-15T08:55:25+00:00	DONE_TEST gpu=2 drr_f03_s44_teacher
2026-05-15T08:55:25+00:00	START gpu=2 proj_f00_s43_teacher
2026-05-15T08:55:26+00:00	DONE_TEST gpu=0 drr_f00_s43_teacher
2026-05-15T08:55:26+00:00	START gpu=0 mid_f00_s44_teacher
2026-05-15T08:55:27+00:00	DONE_TEST gpu=3 drr_f04_s42_teacher
2026-05-15T08:55:27+00:00	START gpu=3 proj_f00_s44_teacher
2026-05-15T08:55:29+00:00	DONE_TEST gpu=0 drr_f01_s44_teacher
2026-05-15T08:55:29+00:00	START gpu=0 mid_f02_s42_teacher
2026-05-15T08:55:29+00:00	DONE_TEST gpu=1 drr_f04_s44_teacher
2026-05-15T08:55:29+00:00	START gpu=1 mid_f02_s43_teacher
2026-05-15T08:55:29+00:00	DONE_TEST gpu=0 drr_f03_s42_teacher
2026-05-15T08:55:29+00:00	START gpu=0 mid_f03_s43_teacher
2026-05-15T08:55:30+00:00	DONE_TEST gpu=1 drr_f02_s42_teacher
2026-05-15T08:55:30+00:00	START gpu=1 mid_f03_s44_teacher
2026-05-15T08:55:31+00:00	DONE_TEST gpu=1 drr_f03_s43_teacher
2026-05-15T08:55:31+00:00	START gpu=1 proj_f00_s42_teacher
2026-05-15T08:55:31+00:00	DONE_TEST gpu=0 drr_f04_s43_teacher
2026-05-15T08:55:32+00:00	START gpu=0 mid_f04_s44_teacher
2026-05-15T08:56:03+00:00	DONE gpu=3 mid_f01_s44_teacher
2026-05-15T08:56:11+00:00	DONE_TEST gpu=3 mid_f01_s44_teacher
2026-05-15T08:56:12+00:00	START gpu=3 proj_f02_s42_teacher
2026-05-15T08:56:13+00:00	DONE gpu=2 mid_f01_s43_teacher
2026-05-15T08:56:14+00:00	DONE gpu=3 mid_f03_s42_teacher
2026-05-15T08:56:16+00:00	DONE gpu=2 mid_f02_s44_teacher
2026-05-15T08:56:16+00:00	DONE gpu=3 mid_f04_s43_teacher
2026-05-15T08:56:17+00:00	DONE gpu=2 mid_f04_s42_teacher
2026-05-15T08:56:19+00:00	DONE gpu=1 mid_f01_s42_teacher
2026-05-15T08:56:20+00:00	DONE gpu=2 proj_f00_s43_teacher
2026-05-15T08:56:20+00:00	DONE gpu=3 proj_f00_s44_teacher
2026-05-15T08:56:21+00:00	DONE gpu=0 mid_f00_s44_teacher
2026-05-15T08:56:23+00:00	DONE_TEST gpu=2 mid_f01_s43_teacher
2026-05-15T08:56:23+00:00	START gpu=2 proj_f01_s44_teacher
2026-05-15T08:56:23+00:00	DONE gpu=0 mid_f03_s43_teacher
2026-05-15T08:56:24+00:00	DONE_TEST gpu=3 mid_f03_s42_teacher
2026-05-15T08:56:24+00:00	START gpu=3 proj_f03_s43_teacher
2026-05-15T08:56:24+00:00	DONE gpu=1 proj_f00_s42_teacher
2026-05-15T08:56:24+00:00	DONE gpu=1 mid_f03_s44_teacher
2026-05-15T08:56:25+00:00	DONE gpu=0 mid_f02_s42_teacher
2026-05-15T08:56:25+00:00	DONE gpu=1 mid_f02_s43_teacher
2026-05-15T08:56:26+00:00	DONE_TEST gpu=3 mid_f04_s43_teacher
2026-05-15T08:56:26+00:00	START gpu=3 proj_f04_s44_teacher
2026-05-15T08:56:26+00:00	DONE_TEST gpu=2 mid_f02_s44_teacher
2026-05-15T08:56:26+00:00	START gpu=2 proj_f03_s42_teacher
2026-05-15T08:56:27+00:00	DONE_TEST gpu=2 mid_f04_s42_teacher
2026-05-15T08:56:27+00:00	START gpu=2 proj_f04_s43_teacher
2026-05-15T08:56:29+00:00	DONE gpu=0 mid_f04_s44_teacher
2026-05-15T08:56:29+00:00	DONE_TEST gpu=1 mid_f01_s42_teacher
2026-05-15T08:56:29+00:00	START gpu=1 proj_f01_s43_teacher
2026-05-15T08:56:31+00:00	DONE_TEST gpu=3 proj_f00_s44_teacher
2026-05-15T08:56:31+00:00	START gpu=3 3slice_f01_s42_supervised
2026-05-15T08:56:31+00:00	DONE_TEST gpu=2 proj_f00_s43_teacher
2026-05-15T08:56:31+00:00	START gpu=2 3slice_f00_s44_supervised
2026-05-15T08:56:31+00:00	DONE_TEST gpu=0 mid_f00_s44_teacher
2026-05-15T08:56:31+00:00	START gpu=0 proj_f01_s42_teacher
2026-05-15T08:56:34+00:00	DONE_TEST gpu=0 mid_f03_s43_teacher
2026-05-15T08:56:34+00:00	START gpu=0 proj_f02_s43_teacher
2026-05-15T08:56:35+00:00	DONE_TEST gpu=1 mid_f03_s44_teacher
2026-05-15T08:56:35+00:00	START gpu=1 proj_f02_s44_teacher
2026-05-15T08:56:35+00:00	DONE_TEST gpu=0 mid_f02_s42_teacher
2026-05-15T08:56:35+00:00	DONE_TEST gpu=1 proj_f00_s42_teacher
2026-05-15T08:56:35+00:00	START gpu=0 proj_f03_s44_teacher
2026-05-15T08:56:35+00:00	START gpu=1 proj_f04_s42_teacher
2026-05-15T08:56:36+00:00	DONE_TEST gpu=1 mid_f02_s43_teacher
2026-05-15T08:56:36+00:00	START gpu=1 3slice_f00_s43_supervised
2026-05-15T08:56:40+00:00	DONE_TEST gpu=0 mid_f04_s44_teacher
2026-05-15T08:56:40+00:00	START gpu=0 3slice_f00_s42_supervised
2026-05-15T08:57:05+00:00	DONE gpu=3 proj_f02_s42_teacher
2026-05-15T08:57:13+00:00	DONE_TEST gpu=3 proj_f02_s42_teacher
2026-05-15T08:57:13+00:00	START gpu=3 3slice_f02_s43_supervised
2026-05-15T08:57:15+00:00	DONE gpu=2 proj_f01_s44_teacher
2026-05-15T08:57:18+00:00	DONE gpu=3 proj_f03_s43_teacher
2026-05-15T08:57:19+00:00	DONE gpu=2 proj_f03_s42_teacher
2026-05-15T08:57:21+00:00	DONE gpu=2 proj_f04_s43_teacher
2026-05-15T08:57:21+00:00	DONE gpu=3 proj_f04_s44_teacher
2026-05-15T08:57:23+00:00	DONE gpu=1 proj_f01_s43_teacher
2026-05-15T08:57:23+00:00	DONE gpu=0 proj_f01_s42_teacher
2026-05-15T08:57:25+00:00	DONE_TEST gpu=2 proj_f01_s44_teacher
2026-05-15T08:57:25+00:00	START gpu=2 3slice_f02_s42_supervised
2026-05-15T08:57:27+00:00	DONE gpu=0 proj_f02_s43_teacher
2026-05-15T08:57:27+00:00	DONE gpu=1 proj_f04_s42_teacher
2026-05-15T08:57:27+00:00	DONE_TEST gpu=3 proj_f03_s43_teacher
2026-05-15T08:57:28+00:00	START gpu=3 3slice_f03_s44_supervised
2026-05-15T08:57:29+00:00	DONE gpu=1 proj_f02_s44_teacher
2026-05-15T08:57:29+00:00	DONE_TEST gpu=2 proj_f03_s42_teacher
2026-05-15T08:57:29+00:00	START gpu=2 3slice_f03_s43_supervised
2026-05-15T08:57:30+00:00	DONE_TEST gpu=2 proj_f04_s43_teacher
2026-05-15T08:57:30+00:00	DONE gpu=0 proj_f03_s44_teacher
2026-05-15T08:57:30+00:00	START gpu=2 3slice_f04_s44_supervised
2026-05-15T08:57:32+00:00	DONE_TEST gpu=3 proj_f04_s44_teacher
2026-05-15T08:57:32+00:00	START gpu=3 drr_f00_s42_supervised
2026-05-15T08:57:33+00:00	DONE_TEST gpu=1 proj_f01_s43_teacher
2026-05-15T08:57:33+00:00	START gpu=1 3slice_f01_s44_supervised
2026-05-15T08:57:33+00:00	DONE_TEST gpu=0 proj_f01_s42_teacher
2026-05-15T08:57:33+00:00	START gpu=0 3slice_f01_s43_supervised
2026-05-15T08:57:37+00:00	DONE_TEST gpu=0 proj_f02_s43_teacher
2026-05-15T08:57:37+00:00	START gpu=0 3slice_f02_s44_supervised
2026-05-15T08:57:38+00:00	DONE_TEST gpu=1 proj_f04_s42_teacher
2026-05-15T08:57:38+00:00	START gpu=1 3slice_f03_s42_supervised
2026-05-15T08:57:38+00:00	DONE_TEST gpu=1 proj_f02_s44_teacher
2026-05-15T08:57:38+00:00	START gpu=1 3slice_f04_s43_supervised
2026-05-15T08:57:40+00:00	DONE_TEST gpu=0 proj_f03_s44_teacher
2026-05-15T08:57:40+00:00	START gpu=0 3slice_f04_s42_supervised
2026-05-15T09:14:13+00:00	DONE gpu=3 3slice_f01_s42_supervised
2026-05-15T09:14:29+00:00	DONE_TEST gpu=3 3slice_f01_s42_supervised
2026-05-15T09:14:29+00:00	START gpu=3 drr_f01_s43_supervised
2026-05-15T09:15:09+00:00	DONE gpu=0 3slice_f01_s43_supervised
2026-05-15T09:15:22+00:00	DONE gpu=1 3slice_f01_s44_supervised
2026-05-15T09:15:25+00:00	DONE_TEST gpu=0 3slice_f01_s43_supervised
2026-05-15T09:15:25+00:00	START gpu=0 drr_f00_s43_supervised
2026-05-15T09:15:37+00:00	DONE_TEST gpu=1 3slice_f01_s44_supervised
2026-05-15T09:15:37+00:00	START gpu=1 drr_f00_s44_supervised
2026-05-15T09:15:50+00:00	DONE gpu=1 3slice_f00_s43_supervised
2026-05-15T09:16:01+00:00	DONE gpu=2 3slice_f00_s44_supervised
2026-05-15T09:16:03+00:00	DONE_TEST gpu=1 3slice_f00_s43_supervised
2026-05-15T09:16:04+00:00	START gpu=1 drr_f02_s42_supervised
2026-05-15T09:16:14+00:00	DONE_TEST gpu=2 3slice_f00_s44_supervised
2026-05-15T09:16:14+00:00	START gpu=2 drr_f01_s42_supervised
2026-05-15T09:16:19+00:00	DONE gpu=0 3slice_f00_s42_supervised
2026-05-15T09:16:32+00:00	DONE_TEST gpu=0 3slice_f00_s42_supervised
2026-05-15T09:16:32+00:00	START gpu=0 drr_f01_s44_supervised
2026-05-15T09:16:33+00:00	DONE gpu=3 3slice_f03_s44_supervised
2026-05-15T09:16:41+00:00	DONE gpu=2 3slice_f03_s43_supervised
2026-05-15T09:16:43+00:00	DONE gpu=3 3slice_f02_s43_supervised
2026-05-15T09:16:44+00:00	DONE gpu=0 3slice_f02_s44_supervised
2026-05-15T09:16:47+00:00	DONE_TEST gpu=3 3slice_f03_s44_supervised
2026-05-15T09:16:47+00:00	START gpu=3 drr_f02_s44_supervised
2026-05-15T09:16:50+00:00	DONE gpu=1 3slice_f03_s42_supervised
2026-05-15T09:16:51+00:00	DONE gpu=2 3slice_f02_s42_supervised
2026-05-15T09:16:52+00:00	DONE gpu=2 3slice_f04_s44_supervised
2026-05-15T09:16:56+00:00	DONE_TEST gpu=2 3slice_f03_s43_supervised
2026-05-15T09:16:56+00:00	START gpu=2 drr_f02_s43_supervised
2026-05-15T09:16:57+00:00	DONE_TEST gpu=3 3slice_f02_s43_supervised
2026-05-15T09:16:57+00:00	START gpu=3 drr_f04_s42_supervised
2026-05-15T09:16:59+00:00	DONE_TEST gpu=0 3slice_f02_s44_supervised
2026-05-15T09:16:59+00:00	START gpu=0 drr_f03_s42_supervised
2026-05-15T09:17:00+00:00	DONE gpu=3 drr_f00_s42_supervised
2026-05-15T09:17:01+00:00	DONE gpu=0 3slice_f04_s42_supervised
2026-05-15T09:17:02+00:00	DONE gpu=1 3slice_f04_s43_supervised
2026-05-15T09:17:04+00:00	DONE_TEST gpu=1 3slice_f03_s42_supervised
2026-05-15T09:17:04+00:00	START gpu=1 drr_f03_s43_supervised
2026-05-15T09:17:05+00:00	DONE_TEST gpu=2 3slice_f02_s42_supervised
2026-05-15T09:17:06+00:00	START gpu=2 drr_f03_s44_supervised
2026-05-15T09:17:06+00:00	DONE_TEST gpu=2 3slice_f04_s44_supervised
2026-05-15T09:17:07+00:00	START gpu=2 mid_f00_s42_supervised
2026-05-15T09:17:14+00:00	DONE_TEST gpu=3 drr_f00_s42_supervised
2026-05-15T09:17:14+00:00	START gpu=3 mid_f00_s43_supervised
2026-05-15T09:17:16+00:00	DONE_TEST gpu=1 3slice_f04_s43_supervised
2026-05-15T09:17:16+00:00	START gpu=1 drr_f04_s44_supervised
2026-05-15T09:17:17+00:00	DONE_TEST gpu=0 3slice_f04_s42_supervised
2026-05-15T09:17:17+00:00	START gpu=0 drr_f04_s43_supervised
2026-05-15T09:32:29+00:00	DONE gpu=3 drr_f01_s43_supervised
2026-05-15T09:32:43+00:00	DONE_TEST gpu=3 drr_f01_s43_supervised
2026-05-15T09:32:43+00:00	START gpu=3 mid_f01_s44_supervised
2026-05-15T09:34:27+00:00	DONE gpu=2 drr_f01_s42_supervised
2026-05-15T09:34:35+00:00	DONE gpu=0 drr_f01_s44_supervised
2026-05-15T09:34:42+00:00	DONE_TEST gpu=2 drr_f01_s42_supervised
2026-05-15T09:34:42+00:00	START gpu=2 mid_f01_s43_supervised
2026-05-15T09:34:51+00:00	DONE_TEST gpu=0 drr_f01_s44_supervised
2026-05-15T09:34:51+00:00	START gpu=0 mid_f00_s44_supervised
2026-05-15T09:35:04+00:00	DONE gpu=0 drr_f00_s43_supervised
2026-05-15T09:35:09+00:00	DONE gpu=1 drr_f00_s44_supervised
2026-05-15T09:35:17+00:00	DONE_TEST gpu=0 drr_f00_s43_supervised
2026-05-15T09:35:17+00:00	START gpu=0 mid_f02_s42_supervised
2026-05-15T09:35:23+00:00	DONE_TEST gpu=1 drr_f00_s44_supervised
2026-05-15T09:35:23+00:00	START gpu=1 mid_f01_s42_supervised
2026-05-15T09:35:52+00:00	DONE gpu=1 drr_f02_s42_supervised
2026-05-15T09:36:05+00:00	DONE_TEST gpu=1 drr_f02_s42_supervised
2026-05-15T09:36:05+00:00	START gpu=1 mid_f02_s43_supervised
2026-05-15T09:36:11+00:00	DONE gpu=3 drr_f02_s44_supervised
2026-05-15T09:36:21+00:00	DONE gpu=2 drr_f03_s44_supervised
2026-05-15T09:36:24+00:00	DONE_TEST gpu=3 drr_f02_s44_supervised
2026-05-15T09:36:24+00:00	START gpu=3 mid_f03_s42_supervised
2026-05-15T09:36:32+00:00	DONE gpu=0 drr_f03_s42_supervised
2026-05-15T09:36:33+00:00	DONE gpu=1 drr_f03_s43_supervised
2026-05-15T09:36:34+00:00	DONE gpu=2 drr_f02_s43_supervised
2026-05-15T09:36:35+00:00	DONE_TEST gpu=2 drr_f03_s44_supervised
2026-05-15T09:36:35+00:00	START gpu=2 mid_f02_s44_supervised
2026-05-15T09:36:38+00:00	DONE gpu=3 drr_f04_s42_supervised
2026-05-15T09:36:43+00:00	DONE gpu=1 drr_f04_s44_supervised
2026-05-15T09:36:46+00:00	DONE_TEST gpu=0 drr_f03_s42_supervised
2026-05-15T09:36:46+00:00	START gpu=0 mid_f03_s43_supervised
2026-05-15T09:36:47+00:00	DONE gpu=3 mid_f00_s43_supervised
2026-05-15T09:36:48+00:00	DONE_TEST gpu=1 drr_f03_s43_supervised
2026-05-15T09:36:48+00:00	START gpu=1 mid_f03_s44_supervised
2026-05-15T09:36:49+00:00	DONE_TEST gpu=2 drr_f02_s43_supervised
2026-05-15T09:36:49+00:00	START gpu=2 mid_f04_s42_supervised
2026-05-15T09:36:51+00:00	DONE gpu=0 drr_f04_s43_supervised
2026-05-15T09:36:52+00:00	DONE_TEST gpu=3 drr_f04_s42_supervised
2026-05-15T09:36:52+00:00	START gpu=3 mid_f04_s43_supervised
2026-05-15T09:36:55+00:00	DONE gpu=2 mid_f00_s42_supervised
2026-05-15T09:36:57+00:00	DONE_TEST gpu=1 drr_f04_s44_supervised
2026-05-15T09:36:57+00:00	START gpu=1 proj_f00_s42_supervised
2026-05-15T09:37:02+00:00	DONE_TEST gpu=3 mid_f00_s43_supervised
2026-05-15T09:37:02+00:00	START gpu=3 proj_f00_s44_supervised
2026-05-15T09:37:06+00:00	DONE_TEST gpu=0 drr_f04_s43_supervised
2026-05-15T09:37:06+00:00	START gpu=0 mid_f04_s44_supervised
2026-05-15T09:37:09+00:00	DONE_TEST gpu=2 mid_f00_s42_supervised
2026-05-15T09:37:09+00:00	START gpu=2 proj_f00_s43_supervised
2026-05-15T09:50:37+00:00	DONE gpu=3 mid_f01_s44_supervised
2026-05-15T09:50:54+00:00	DONE_TEST gpu=3 mid_f01_s44_supervised
2026-05-15T09:50:54+00:00	START gpu=3 proj_f02_s42_supervised
2026-05-15T09:52:46+00:00	DONE gpu=2 mid_f01_s43_supervised
2026-05-15T09:53:01+00:00	DONE_TEST gpu=2 mid_f01_s43_supervised
2026-05-15T09:53:01+00:00	START gpu=2 proj_f01_s44_supervised
2026-05-15T09:53:25+00:00	DONE gpu=1 mid_f01_s42_supervised
2026-05-15T09:53:41+00:00	DONE_TEST gpu=1 mid_f01_s42_supervised
2026-05-15T09:53:41+00:00	START gpu=1 proj_f01_s43_supervised
2026-05-15T09:54:25+00:00	DONE gpu=0 mid_f00_s44_supervised
2026-05-15T09:54:39+00:00	DONE_TEST gpu=0 mid_f00_s44_supervised
2026-05-15T09:54:39+00:00	START gpu=0 proj_f01_s42_supervised
2026-05-15T09:54:57+00:00	DONE gpu=0 mid_f02_s42_supervised
2026-05-15T09:55:10+00:00	DONE_TEST gpu=0 mid_f02_s42_supervised
2026-05-15T09:55:10+00:00	START gpu=0 proj_f02_s43_supervised
2026-05-15T09:55:35+00:00	DONE gpu=1 mid_f02_s43_supervised
2026-05-15T09:55:48+00:00	DONE_TEST gpu=1 mid_f02_s43_supervised
2026-05-15T09:55:48+00:00	START gpu=1 proj_f02_s44_supervised
2026-05-15T09:55:59+00:00	DONE gpu=2 mid_f02_s44_supervised
2026-05-15T09:56:00+00:00	DONE gpu=3 mid_f03_s42_supervised
2026-05-15T09:56:10+00:00	DONE gpu=1 mid_f03_s44_supervised
2026-05-15T09:56:11+00:00	DONE gpu=0 mid_f03_s43_supervised
2026-05-15T09:56:13+00:00	DONE_TEST gpu=2 mid_f02_s44_supervised
2026-05-15T09:56:13+00:00	START gpu=2 proj_f03_s42_supervised
2026-05-15T09:56:13+00:00	DONE_TEST gpu=3 mid_f03_s42_supervised
2026-05-15T09:56:14+00:00	START gpu=3 proj_f03_s43_supervised
2026-05-15T09:56:23+00:00	DONE gpu=3 mid_f04_s43_supervised
2026-05-15T09:56:25+00:00	DONE gpu=2 mid_f04_s42_supervised
2026-05-15T09:56:25+00:00	DONE_TEST gpu=1 mid_f03_s44_supervised
2026-05-15T09:56:25+00:00	START gpu=1 proj_f04_s42_supervised
2026-05-15T09:56:25+00:00	DONE_TEST gpu=0 mid_f03_s43_supervised
2026-05-15T09:56:25+00:00	START gpu=0 proj_f03_s44_supervised
2026-05-15T09:56:26+00:00	DONE gpu=2 proj_f00_s43_supervised
2026-05-15T09:56:39+00:00	DONE_TEST gpu=3 mid_f04_s43_supervised
2026-05-15T09:56:39+00:00	START gpu=3 proj_f04_s44_supervised
2026-05-15T09:56:39+00:00	DONE_TEST gpu=2 proj_f00_s43_supervised
2026-05-15T09:56:39+00:00	START gpu=2 proj_f04_s43_supervised
2026-05-15T09:56:39+00:00	DONE_TEST gpu=2 mid_f04_s42_supervised
2026-05-15T09:56:39+00:00	START gpu=2 3slice_f00_s44_plain_kd
2026-05-15T09:56:43+00:00	DONE gpu=3 proj_f00_s44_supervised
2026-05-15T09:56:47+00:00	DONE gpu=1 proj_f00_s42_supervised
2026-05-15T09:56:54+00:00	DONE gpu=0 mid_f04_s44_supervised
2026-05-15T09:56:57+00:00	DONE_TEST gpu=3 proj_f00_s44_supervised
2026-05-15T09:56:57+00:00	START gpu=3 3slice_f01_s42_plain_kd
2026-05-15T09:57:00+00:00	DONE_TEST gpu=1 proj_f00_s42_supervised
2026-05-15T09:57:00+00:00	START gpu=1 3slice_f00_s43_plain_kd
2026-05-15T09:57:08+00:00	DONE_TEST gpu=0 mid_f04_s44_supervised
2026-05-15T09:57:08+00:00	START gpu=0 3slice_f00_s42_plain_kd
2026-05-15T10:10:35+00:00	DONE gpu=3 proj_f02_s42_supervised
2026-05-15T10:10:44+00:00	DONE gpu=2 proj_f01_s44_supervised
2026-05-15T10:10:47+00:00	DONE_TEST gpu=3 proj_f02_s42_supervised
2026-05-15T10:10:47+00:00	START gpu=3 3slice_f02_s43_plain_kd
2026-05-15T10:10:59+00:00	DONE_TEST gpu=2 proj_f01_s44_supervised
2026-05-15T10:10:59+00:00	START gpu=2 3slice_f02_s42_plain_kd
2026-05-15T10:11:46+00:00	DONE gpu=1 proj_f01_s43_supervised
2026-05-15T10:12:01+00:00	DONE_TEST gpu=1 proj_f01_s43_supervised
2026-05-15T10:12:01+00:00	START gpu=1 3slice_f01_s44_plain_kd
2026-05-15T10:12:42+00:00	DONE gpu=0 proj_f01_s42_supervised
2026-05-15T10:12:58+00:00	DONE_TEST gpu=0 proj_f01_s42_supervised
2026-05-15T10:12:58+00:00	START gpu=0 3slice_f01_s43_plain_kd
2026-05-15T10:14:42+00:00	DONE gpu=0 proj_f02_s43_supervised
2026-05-15T10:14:55+00:00	DONE gpu=3 3slice_f01_s42_plain_kd
2026-05-15T10:14:56+00:00	DONE_TEST gpu=0 proj_f02_s43_supervised
2026-05-15T10:14:56+00:00	START gpu=0 3slice_f02_s44_plain_kd
2026-05-15T10:15:09+00:00	DONE gpu=1 proj_f02_s44_supervised
2026-05-15T10:15:11+00:00	DONE_TEST gpu=3 3slice_f01_s42_plain_kd
2026-05-15T10:15:11+00:00	START gpu=3 3slice_f03_s44_plain_kd
2026-05-15T10:15:22+00:00	DONE_TEST gpu=1 proj_f02_s44_supervised
2026-05-15T10:15:23+00:00	START gpu=1 3slice_f03_s42_plain_kd
2026-05-15T10:15:36+00:00	DONE gpu=0 proj_f03_s44_supervised
2026-05-15T10:15:37+00:00	DONE gpu=3 proj_f03_s43_supervised
2026-05-15T10:15:48+00:00	DONE gpu=2 proj_f03_s42_supervised
2026-05-15T10:15:49+00:00	DONE_TEST gpu=0 proj_f03_s44_supervised
2026-05-15T10:15:49+00:00	START gpu=0 3slice_f04_s42_plain_kd
2026-05-15T10:15:51+00:00	DONE gpu=1 proj_f04_s42_supervised
2026-05-15T10:15:51+00:00	DONE_TEST gpu=3 proj_f03_s43_supervised
2026-05-15T10:15:51+00:00	START gpu=3 drr_f00_s42_plain_kd
2026-05-15T10:16:00+00:00	DONE gpu=2 3slice_f00_s44_plain_kd
2026-05-15T10:16:01+00:00	DONE_TEST gpu=2 proj_f03_s42_supervised
2026-05-15T10:16:01+00:00	START gpu=2 3slice_f03_s43_plain_kd
2026-05-15T10:16:04+00:00	DONE gpu=3 proj_f04_s44_supervised
2026-05-15T10:16:05+00:00	DONE_TEST gpu=1 proj_f04_s42_supervised
2026-05-15T10:16:05+00:00	START gpu=1 3slice_f04_s43_plain_kd
2026-05-15T10:16:08+00:00	DONE gpu=2 proj_f04_s43_supervised
2026-05-15T10:16:14+00:00	DONE_TEST gpu=2 3slice_f00_s44_plain_kd
2026-05-15T10:16:14+00:00	START gpu=2 3slice_f04_s44_plain_kd
2026-05-15T10:16:18+00:00	DONE_TEST gpu=3 proj_f04_s44_supervised
2026-05-15T10:16:18+00:00	START gpu=3 drr_f01_s43_plain_kd
2026-05-15T10:16:22+00:00	DONE_TEST gpu=2 proj_f04_s43_supervised
2026-05-15T10:16:22+00:00	START gpu=2 drr_f01_s42_plain_kd
2026-05-15T10:16:42+00:00	DONE gpu=1 3slice_f00_s43_plain_kd
2026-05-15T10:16:56+00:00	DONE_TEST gpu=1 3slice_f00_s43_plain_kd
2026-05-15T10:16:56+00:00	START gpu=1 drr_f00_s44_plain_kd
2026-05-15T10:17:00+00:00	DONE gpu=0 3slice_f00_s42_plain_kd
2026-05-15T10:17:14+00:00	DONE_TEST gpu=0 3slice_f00_s42_plain_kd
2026-05-15T10:17:14+00:00	START gpu=0 drr_f00_s43_plain_kd
2026-05-15T10:30:05+00:00	DONE gpu=3 3slice_f02_s43_plain_kd
2026-05-15T10:30:17+00:00	DONE_TEST gpu=3 3slice_f02_s43_plain_kd
2026-05-15T10:30:18+00:00	START gpu=3 drr_f02_s44_plain_kd
2026-05-15T10:30:27+00:00	DONE gpu=1 3slice_f01_s44_plain_kd
2026-05-15T10:30:32+00:00	DONE gpu=2 3slice_f02_s42_plain_kd
2026-05-15T10:30:42+00:00	DONE_TEST gpu=1 3slice_f01_s44_plain_kd
2026-05-15T10:30:42+00:00	START gpu=1 drr_f02_s42_plain_kd
2026-05-15T10:30:46+00:00	DONE_TEST gpu=2 3slice_f02_s42_plain_kd
2026-05-15T10:30:46+00:00	START gpu=2 drr_f02_s43_plain_kd
2026-05-15T10:31:07+00:00	DONE gpu=0 3slice_f01_s43_plain_kd
2026-05-15T10:31:22+00:00	DONE_TEST gpu=0 3slice_f01_s43_plain_kd
2026-05-15T10:31:22+00:00	START gpu=0 drr_f01_s44_plain_kd
2026-05-15T10:33:46+00:00	DONE gpu=2 drr_f01_s42_plain_kd
2026-05-15T10:33:59+00:00	DONE gpu=3 3slice_f03_s44_plain_kd
2026-05-15T10:34:01+00:00	DONE_TEST gpu=2 drr_f01_s42_plain_kd
2026-05-15T10:34:01+00:00	START gpu=2 drr_f03_s44_plain_kd
2026-05-15T10:34:03+00:00	DONE gpu=3 drr_f01_s43_plain_kd
2026-05-15T10:34:11+00:00	DONE gpu=0 3slice_f02_s44_plain_kd
2026-05-15T10:34:13+00:00	DONE_TEST gpu=3 3slice_f03_s44_plain_kd
2026-05-15T10:34:13+00:00	START gpu=3 drr_f04_s42_plain_kd
2026-05-15T10:34:17+00:00	DONE_TEST gpu=3 drr_f01_s43_plain_kd
2026-05-15T10:34:17+00:00	START gpu=3 mid_f00_s43_plain_kd
2026-05-15T10:34:24+00:00	DONE_TEST gpu=0 3slice_f02_s44_plain_kd
2026-05-15T10:34:24+00:00	START gpu=0 drr_f03_s42_plain_kd
2026-05-15T10:34:28+00:00	DONE gpu=1 3slice_f03_s42_plain_kd
2026-05-15T10:34:41+00:00	DONE_TEST gpu=1 3slice_f03_s42_plain_kd
2026-05-15T10:34:41+00:00	START gpu=1 drr_f03_s43_plain_kd
2026-05-15T10:34:49+00:00	DONE gpu=0 3slice_f04_s42_plain_kd
2026-05-15T10:35:00+00:00	DONE gpu=3 drr_f00_s42_plain_kd
2026-05-15T10:35:01+00:00	DONE_TEST gpu=0 3slice_f04_s42_plain_kd
2026-05-15T10:35:01+00:00	START gpu=0 drr_f04_s43_plain_kd
2026-05-15T10:35:09+00:00	DONE gpu=1 3slice_f04_s43_plain_kd
2026-05-15T10:35:11+00:00	DONE gpu=2 3slice_f04_s44_plain_kd
2026-05-15T10:35:13+00:00	DONE_TEST gpu=3 drr_f00_s42_plain_kd
2026-05-15T10:35:13+00:00	START gpu=3 mid_f01_s44_plain_kd
2026-05-15T10:35:16+00:00	DONE gpu=2 3slice_f03_s43_plain_kd
2026-05-15T10:35:21+00:00	DONE_TEST gpu=1 3slice_f04_s43_plain_kd
2026-05-15T10:35:21+00:00	START gpu=1 drr_f04_s44_plain_kd
2026-05-15T10:35:24+00:00	DONE_TEST gpu=2 3slice_f04_s44_plain_kd
2026-05-15T10:35:24+00:00	START gpu=2 mid_f00_s42_plain_kd
2026-05-15T10:35:29+00:00	DONE_TEST gpu=2 3slice_f03_s43_plain_kd
2026-05-15T10:35:29+00:00	START gpu=2 mid_f01_s43_plain_kd
2026-05-15T10:36:04+00:00	DONE gpu=1 drr_f00_s44_plain_kd
2026-05-15T10:36:16+00:00	DONE_TEST gpu=1 drr_f00_s44_plain_kd
2026-05-15T10:36:16+00:00	START gpu=1 mid_f01_s42_plain_kd
2026-05-15T10:36:20+00:00	DONE gpu=0 drr_f00_s43_plain_kd
2026-05-15T10:36:34+00:00	DONE_TEST gpu=0 drr_f00_s43_plain_kd
2026-05-15T10:36:34+00:00	START gpu=0 mid_f00_s44_plain_kd
2026-05-15T10:48:35+00:00	DONE gpu=0 drr_f01_s44_plain_kd
2026-05-15T10:48:49+00:00	DONE_TEST gpu=0 drr_f01_s44_plain_kd
2026-05-15T10:48:49+00:00	START gpu=0 mid_f02_s42_plain_kd
2026-05-15T10:48:50+00:00	DONE gpu=3 drr_f02_s44_plain_kd
2026-05-15T10:49:03+00:00	DONE_TEST gpu=3 drr_f02_s44_plain_kd
2026-05-15T10:49:03+00:00	START gpu=3 mid_f03_s42_plain_kd
2026-05-15T10:49:34+00:00	DONE gpu=1 drr_f02_s42_plain_kd
2026-05-15T10:49:39+00:00	DONE gpu=2 drr_f02_s43_plain_kd
2026-05-15T10:49:46+00:00	DONE_TEST gpu=1 drr_f02_s42_plain_kd
2026-05-15T10:49:46+00:00	START gpu=1 mid_f02_s43_plain_kd
2026-05-15T10:49:53+00:00	DONE_TEST gpu=2 drr_f02_s43_plain_kd
2026-05-15T10:49:53+00:00	START gpu=2 mid_f02_s44_plain_kd
2026-05-15T10:52:24+00:00	DONE gpu=3 mid_f01_s44_plain_kd
2026-05-15T10:52:25+00:00	DONE gpu=2 drr_f03_s44_plain_kd
2026-05-15T10:52:38+00:00	DONE_TEST gpu=2 drr_f03_s44_plain_kd
2026-05-15T10:52:38+00:00	START gpu=2 mid_f04_s42_plain_kd
2026-05-15T10:52:38+00:00	DONE_TEST gpu=3 mid_f01_s44_plain_kd
2026-05-15T10:52:38+00:00	START gpu=3 mid_f04_s43_plain_kd
2026-05-15T10:52:47+00:00	DONE gpu=0 drr_f03_s42_plain_kd
2026-05-15T10:52:51+00:00	DONE gpu=3 drr_f04_s42_plain_kd
2026-05-15T10:52:58+00:00	DONE gpu=2 mid_f01_s43_plain_kd
2026-05-15T10:53:01+00:00	DONE_TEST gpu=0 drr_f03_s42_plain_kd
2026-05-15T10:53:01+00:00	START gpu=0 mid_f03_s43_plain_kd
2026-05-15T10:53:05+00:00	DONE_TEST gpu=3 drr_f04_s42_plain_kd
2026-05-15T10:53:05+00:00	START gpu=3 proj_f00_s44_plain_kd
2026-05-15T10:53:11+00:00	DONE gpu=3 mid_f00_s43_plain_kd
2026-05-15T10:53:14+00:00	DONE_TEST gpu=2 mid_f01_s43_plain_kd
2026-05-15T10:53:14+00:00	START gpu=2 proj_f00_s43_plain_kd
2026-05-15T10:53:24+00:00	DONE_TEST gpu=3 mid_f00_s43_plain_kd
2026-05-15T10:53:24+00:00	START gpu=3 proj_f02_s42_plain_kd
2026-05-15T10:53:27+00:00	DONE gpu=1 mid_f01_s42_plain_kd
2026-05-15T10:53:35+00:00	DONE gpu=1 drr_f03_s43_plain_kd
2026-05-15T10:53:37+00:00	DONE gpu=0 drr_f04_s43_plain_kd
2026-05-15T10:53:42+00:00	DONE_TEST gpu=1 mid_f01_s42_plain_kd
2026-05-15T10:53:42+00:00	START gpu=1 mid_f03_s44_plain_kd
2026-05-15T10:53:49+00:00	DONE_TEST gpu=1 drr_f03_s43_plain_kd
2026-05-15T10:53:49+00:00	START gpu=1 proj_f00_s42_plain_kd
2026-05-15T10:53:49+00:00	DONE_TEST gpu=0 drr_f04_s43_plain_kd
2026-05-15T10:53:49+00:00	START gpu=0 mid_f04_s44_plain_kd
2026-05-15T10:53:59+00:00	DONE gpu=1 drr_f04_s44_plain_kd
2026-05-15T10:54:06+00:00	DONE gpu=2 mid_f00_s42_plain_kd
2026-05-15T10:54:11+00:00	DONE_TEST gpu=1 drr_f04_s44_plain_kd
2026-05-15T10:54:11+00:00	START gpu=1 proj_f01_s43_plain_kd
2026-05-15T10:54:19+00:00	DONE_TEST gpu=2 mid_f00_s42_plain_kd
2026-05-15T10:54:19+00:00	START gpu=2 proj_f01_s44_plain_kd
2026-05-15T10:55:23+00:00	DONE gpu=0 mid_f00_s44_plain_kd
2026-05-15T10:55:36+00:00	DONE_TEST gpu=0 mid_f00_s44_plain_kd
2026-05-15T10:55:36+00:00	START gpu=0 proj_f01_s42_plain_kd
2026-05-15T11:07:26+00:00	DONE gpu=3 mid_f03_s42_plain_kd
2026-05-15T11:07:38+00:00	DONE gpu=0 mid_f02_s42_plain_kd
2026-05-15T11:07:38+00:00	DONE_TEST gpu=3 mid_f03_s42_plain_kd
2026-05-15T11:07:38+00:00	START gpu=3 proj_f03_s43_plain_kd
2026-05-15T11:07:51+00:00	DONE_TEST gpu=0 mid_f02_s42_plain_kd
2026-05-15T11:07:51+00:00	START gpu=0 proj_f02_s43_plain_kd
2026-05-15T11:08:12+00:00	DONE gpu=2 mid_f02_s44_plain_kd
2026-05-15T11:08:25+00:00	DONE_TEST gpu=2 mid_f02_s44_plain_kd
2026-05-15T11:08:25+00:00	START gpu=2 proj_f03_s42_plain_kd
2026-05-15T11:08:32+00:00	DONE gpu=1 mid_f02_s43_plain_kd
2026-05-15T11:08:45+00:00	DONE_TEST gpu=1 mid_f02_s43_plain_kd
2026-05-15T11:08:45+00:00	START gpu=1 proj_f02_s44_plain_kd
2026-05-15T11:11:14+00:00	DONE gpu=2 mid_f04_s42_plain_kd
2026-05-15T11:11:26+00:00	DONE_TEST gpu=2 mid_f04_s42_plain_kd
2026-05-15T11:11:26+00:00	START gpu=2 proj_f04_s43_plain_kd
2026-05-15T11:11:27+00:00	DONE gpu=3 mid_f04_s43_plain_kd
2026-05-15T11:11:32+00:00	DONE gpu=0 mid_f03_s43_plain_kd
2026-05-15T11:11:34+00:00	DONE gpu=2 proj_f01_s44_plain_kd
2026-05-15T11:11:36+00:00	DONE gpu=3 proj_f00_s44_plain_kd
2026-05-15T11:11:40+00:00	DONE_TEST gpu=3 mid_f04_s43_plain_kd
2026-05-15T11:11:40+00:00	START gpu=3 proj_f04_s44_plain_kd
2026-05-15T11:11:46+00:00	DONE_TEST gpu=0 mid_f03_s43_plain_kd
2026-05-15T11:11:46+00:00	START gpu=0 proj_f03_s44_plain_kd
2026-05-15T11:11:48+00:00	DONE_TEST gpu=2 proj_f01_s44_plain_kd
2026-05-15T11:11:48+00:00	START gpu=2 3slice_f00_s44_gated_kd_thr050
2026-05-15T11:11:49+00:00	DONE_TEST gpu=3 proj_f00_s44_plain_kd
2026-05-15T11:11:49+00:00	START gpu=3 3slice_f01_s42_gated_kd_thr050
2026-05-15T11:11:50+00:00	DONE gpu=2 proj_f00_s43_plain_kd
2026-05-15T11:11:58+00:00	DONE gpu=1 proj_f01_s43_plain_kd
2026-05-15T11:12:04+00:00	DONE_TEST gpu=2 proj_f00_s43_plain_kd
2026-05-15T11:12:04+00:00	START gpu=2 3slice_f02_s42_gated_kd_thr050
2026-05-15T11:12:07+00:00	DONE gpu=3 proj_f02_s42_plain_kd
2026-05-15T11:12:13+00:00	DONE_TEST gpu=1 proj_f01_s43_plain_kd
2026-05-15T11:12:13+00:00	START gpu=1 proj_f04_s42_plain_kd
2026-05-15T11:12:14+00:00	DONE gpu=1 mid_f03_s44_plain_kd
2026-05-15T11:12:18+00:00	DONE gpu=0 mid_f04_s44_plain_kd
2026-05-15T11:12:21+00:00	DONE_TEST gpu=3 proj_f02_s42_plain_kd
2026-05-15T11:12:21+00:00	START gpu=3 3slice_f02_s43_gated_kd_thr050
2026-05-15T11:12:27+00:00	DONE_TEST gpu=1 mid_f03_s44_plain_kd
2026-05-15T11:12:27+00:00	START gpu=1 3slice_f00_s43_gated_kd_thr050
2026-05-15T11:12:31+00:00	DONE_TEST gpu=0 mid_f04_s44_plain_kd
2026-05-15T11:12:31+00:00	START gpu=0 3slice_f00_s42_gated_kd_thr050
2026-05-15T11:12:44+00:00	DONE gpu=1 proj_f00_s42_plain_kd
2026-05-15T11:12:57+00:00	DONE_TEST gpu=1 proj_f00_s42_plain_kd
2026-05-15T11:12:57+00:00	START gpu=1 3slice_f01_s44_gated_kd_thr050
2026-05-15T11:13:10+00:00	DONE gpu=0 proj_f01_s42_plain_kd
2026-05-15T11:13:25+00:00	DONE_TEST gpu=0 proj_f01_s42_plain_kd
2026-05-15T11:13:25+00:00	START gpu=0 3slice_f01_s43_gated_kd_thr050
2026-05-15T11:26:03+00:00	DONE gpu=3 proj_f03_s43_plain_kd
2026-05-15T11:26:16+00:00	DONE_TEST gpu=3 proj_f03_s43_plain_kd
2026-05-15T11:26:16+00:00	START gpu=3 3slice_f03_s44_gated_kd_thr050
2026-05-15T11:26:39+00:00	DONE gpu=0 proj_f02_s43_plain_kd
2026-05-15T11:26:42+00:00	DONE gpu=2 proj_f03_s42_plain_kd
2026-05-15T11:26:52+00:00	DONE_TEST gpu=0 proj_f02_s43_plain_kd
2026-05-15T11:26:52+00:00	START gpu=0 3slice_f02_s44_gated_kd_thr050
2026-05-15T11:26:55+00:00	DONE_TEST gpu=2 proj_f03_s42_plain_kd
2026-05-15T11:26:55+00:00	START gpu=2 3slice_f03_s43_gated_kd_thr050
2026-05-15T11:27:02+00:00	DONE gpu=1 proj_f02_s44_plain_kd
2026-05-15T11:27:15+00:00	DONE_TEST gpu=1 proj_f02_s44_plain_kd
2026-05-15T11:27:15+00:00	START gpu=1 3slice_f03_s42_gated_kd_thr050
2026-05-15T11:29:01+00:00	DONE gpu=3 3slice_f01_s42_gated_kd_thr050
2026-05-15T11:29:15+00:00	DONE_TEST gpu=3 3slice_f01_s42_gated_kd_thr050
2026-05-15T11:29:15+00:00	START gpu=3 drr_f00_s42_gated_kd_thr050
2026-05-15T11:29:59+00:00	DONE gpu=2 proj_f04_s43_plain_kd
2026-05-15T11:30:09+00:00	DONE gpu=0 proj_f03_s44_plain_kd
2026-05-15T11:30:12+00:00	DONE_TEST gpu=2 proj_f04_s43_plain_kd
2026-05-15T11:30:12+00:00	START gpu=2 3slice_f04_s44_gated_kd_thr050
2026-05-15T11:30:13+00:00	DONE gpu=3 proj_f04_s44_plain_kd
2026-05-15T11:30:15+00:00	DONE gpu=1 3slice_f01_s44_gated_kd_thr050
2026-05-15T11:30:23+00:00	DONE_TEST gpu=0 proj_f03_s44_plain_kd
2026-05-15T11:30:23+00:00	START gpu=0 3slice_f04_s42_gated_kd_thr050
2026-05-15T11:30:26+00:00	DONE_TEST gpu=3 proj_f04_s44_plain_kd
2026-05-15T11:30:26+00:00	START gpu=3 drr_f01_s43_gated_kd_thr050
2026-05-15T11:30:31+00:00	DONE_TEST gpu=1 3slice_f01_s44_gated_kd_thr050
2026-05-15T11:30:31+00:00	START gpu=1 3slice_f04_s43_gated_kd_thr050
2026-05-15T11:30:34+00:00	DONE gpu=2 3slice_f00_s44_gated_kd_thr050
2026-05-15T11:30:46+00:00	DONE gpu=1 proj_f04_s42_plain_kd
2026-05-15T11:30:47+00:00	DONE_TEST gpu=2 3slice_f00_s44_gated_kd_thr050
2026-05-15T11:30:47+00:00	START gpu=2 drr_f01_s42_gated_kd_thr050
2026-05-15T11:30:59+00:00	DONE_TEST gpu=1 proj_f04_s42_plain_kd
2026-05-15T11:30:59+00:00	START gpu=1 drr_f00_s44_gated_kd_thr050
2026-05-15T11:31:00+00:00	DONE gpu=0 3slice_f01_s43_gated_kd_thr050
2026-05-15T11:31:07+00:00	DONE gpu=2 3slice_f02_s42_gated_kd_thr050
2026-05-15T11:31:09+00:00	DONE gpu=3 3slice_f02_s43_gated_kd_thr050
2026-05-15T11:31:15+00:00	DONE_TEST gpu=0 3slice_f01_s43_gated_kd_thr050
2026-05-15T11:31:15+00:00	START gpu=0 drr_f00_s43_gated_kd_thr050
2026-05-15T11:31:19+00:00	DONE gpu=1 3slice_f00_s43_gated_kd_thr050
2026-05-15T11:31:19+00:00	DONE_TEST gpu=2 3slice_f02_s42_gated_kd_thr050
2026-05-15T11:31:19+00:00	START gpu=2 drr_f02_s43_gated_kd_thr050
2026-05-15T11:31:23+00:00	DONE_TEST gpu=3 3slice_f02_s43_gated_kd_thr050
2026-05-15T11:31:23+00:00	START gpu=3 drr_f02_s44_gated_kd_thr050
2026-05-15T11:31:26+00:00	DONE gpu=0 3slice_f00_s42_gated_kd_thr050
2026-05-15T11:31:32+00:00	DONE_TEST gpu=1 3slice_f00_s43_gated_kd_thr050
2026-05-15T11:31:32+00:00	START gpu=1 drr_f02_s42_gated_kd_thr050
2026-05-15T11:31:39+00:00	DONE_TEST gpu=0 3slice_f00_s42_gated_kd_thr050
2026-05-15T11:31:39+00:00	START gpu=0 drr_f01_s44_gated_kd_thr050
2026-05-15T11:44:40+00:00	DONE gpu=3 3slice_f03_s44_gated_kd_thr050
2026-05-15T11:44:52+00:00	DONE_TEST gpu=3 3slice_f03_s44_gated_kd_thr050
2026-05-15T11:44:53+00:00	START gpu=3 drr_f04_s42_gated_kd_thr050
2026-05-15T11:45:34+00:00	DONE gpu=0 3slice_f02_s44_gated_kd_thr050
2026-05-15T11:45:42+00:00	DONE gpu=2 3slice_f03_s43_gated_kd_thr050
2026-05-15T11:45:47+00:00	DONE_TEST gpu=0 3slice_f02_s44_gated_kd_thr050
2026-05-15T11:45:47+00:00	START gpu=0 drr_f03_s42_gated_kd_thr050
2026-05-15T11:45:52+00:00	DONE gpu=1 3slice_f03_s42_gated_kd_thr050
2026-05-15T11:45:56+00:00	DONE_TEST gpu=2 3slice_f03_s43_gated_kd_thr050
2026-05-15T11:45:56+00:00	START gpu=2 drr_f03_s44_gated_kd_thr050
2026-05-15T11:46:06+00:00	DONE_TEST gpu=1 3slice_f03_s42_gated_kd_thr050
2026-05-15T11:46:06+00:00	START gpu=1 drr_f03_s43_gated_kd_thr050
2026-05-15T11:47:50+00:00	DONE gpu=3 drr_f01_s43_gated_kd_thr050
2026-05-15T11:47:57+00:00	DONE gpu=2 drr_f01_s42_gated_kd_thr050
2026-05-15T11:48:04+00:00	DONE gpu=3 drr_f00_s42_gated_kd_thr050
2026-05-15T11:48:05+00:00	DONE_TEST gpu=3 drr_f01_s43_gated_kd_thr050
2026-05-15T11:48:05+00:00	START gpu=3 mid_f00_s43_gated_kd_thr050
2026-05-15T11:48:12+00:00	DONE_TEST gpu=2 drr_f01_s42_gated_kd_thr050
2026-05-15T11:48:12+00:00	START gpu=2 mid_f00_s42_gated_kd_thr050
2026-05-15T11:48:19+00:00	DONE_TEST gpu=3 drr_f00_s42_gated_kd_thr050
2026-05-15T11:48:19+00:00	START gpu=3 mid_f01_s44_gated_kd_thr050
2026-05-15T11:48:47+00:00	DONE gpu=0 drr_f01_s44_gated_kd_thr050
2026-05-15T11:48:51+00:00	DONE gpu=2 3slice_f04_s44_gated_kd_thr050
2026-05-15T11:49:02+00:00	DONE_TEST gpu=0 drr_f01_s44_gated_kd_thr050
2026-05-15T11:49:02+00:00	START gpu=0 drr_f04_s43_gated_kd_thr050
2026-05-15T11:49:04+00:00	DONE_TEST gpu=2 3slice_f04_s44_gated_kd_thr050
2026-05-15T11:49:04+00:00	START gpu=2 mid_f01_s43_gated_kd_thr050
2026-05-15T11:49:16+00:00	DONE gpu=0 3slice_f04_s42_gated_kd_thr050
2026-05-15T11:49:26+00:00	DONE gpu=1 3slice_f04_s43_gated_kd_thr050
2026-05-15T11:49:28+00:00	DONE_TEST gpu=0 3slice_f04_s42_gated_kd_thr050
2026-05-15T11:49:28+00:00	START gpu=0 mid_f00_s44_gated_kd_thr050
2026-05-15T11:49:32+00:00	DONE gpu=1 drr_f00_s44_gated_kd_thr050
2026-05-15T11:49:39+00:00	DONE_TEST gpu=1 3slice_f04_s43_gated_kd_thr050
2026-05-15T11:49:39+00:00	START gpu=1 drr_f04_s44_gated_kd_thr050
2026-05-15T11:49:45+00:00	DONE_TEST gpu=1 drr_f00_s44_gated_kd_thr050
2026-05-15T11:49:45+00:00	START gpu=1 mid_f01_s42_gated_kd_thr050
2026-05-15T11:49:47+00:00	DONE gpu=3 drr_f02_s44_gated_kd_thr050
2026-05-15T11:49:59+00:00	DONE_TEST gpu=3 drr_f02_s44_gated_kd_thr050
2026-05-15T11:50:00+00:00	START gpu=3 mid_f03_s42_gated_kd_thr050
2026-05-15T11:50:01+00:00	DONE gpu=0 drr_f00_s43_gated_kd_thr050
2026-05-15T11:50:02+00:00	DONE gpu=2 drr_f02_s43_gated_kd_thr050
2026-05-15T11:50:14+00:00	DONE_TEST gpu=0 drr_f00_s43_gated_kd_thr050
2026-05-15T11:50:14+00:00	START gpu=0 mid_f02_s42_gated_kd_thr050
2026-05-15T11:50:15+00:00	DONE_TEST gpu=2 drr_f02_s43_gated_kd_thr050
2026-05-15T11:50:15+00:00	START gpu=2 mid_f02_s44_gated_kd_thr050
2026-05-15T11:50:29+00:00	DONE gpu=1 drr_f02_s42_gated_kd_thr050
2026-05-15T11:50:42+00:00	DONE_TEST gpu=1 drr_f02_s42_gated_kd_thr050
2026-05-15T11:50:42+00:00	START gpu=1 mid_f02_s43_gated_kd_thr050
2026-05-15T12:03:22+00:00	DONE gpu=3 drr_f04_s42_gated_kd_thr050
2026-05-15T12:03:35+00:00	DONE_TEST gpu=3 drr_f04_s42_gated_kd_thr050
2026-05-15T12:03:35+00:00	START gpu=3 mid_f04_s43_gated_kd_thr050
2026-05-15T12:04:15+00:00	DONE gpu=2 drr_f03_s44_gated_kd_thr050
2026-05-15T12:04:16+00:00	DONE gpu=0 drr_f03_s42_gated_kd_thr050
2026-05-15T12:04:28+00:00	DONE_TEST gpu=2 drr_f03_s44_gated_kd_thr050
2026-05-15T12:04:28+00:00	START gpu=2 mid_f04_s42_gated_kd_thr050
2026-05-15T12:04:29+00:00	DONE_TEST gpu=0 drr_f03_s42_gated_kd_thr050
2026-05-15T12:04:29+00:00	START gpu=0 mid_f03_s43_gated_kd_thr050
2026-05-15T12:04:38+00:00	DONE gpu=1 drr_f03_s43_gated_kd_thr050
2026-05-15T12:04:51+00:00	DONE_TEST gpu=1 drr_f03_s43_gated_kd_thr050
2026-05-15T12:04:51+00:00	START gpu=1 mid_f03_s44_gated_kd_thr050
2026-05-15T12:05:25+00:00	DONE gpu=3 mid_f01_s44_gated_kd_thr050
2026-05-15T12:05:39+00:00	DONE_TEST gpu=3 mid_f01_s44_gated_kd_thr050
2026-05-15T12:05:39+00:00	START gpu=3 proj_f00_s44_gated_kd_thr050
2026-05-15T12:06:46+00:00	DONE gpu=3 mid_f00_s43_gated_kd_thr050
2026-05-15T12:06:51+00:00	DONE gpu=2 mid_f01_s43_gated_kd_thr050
2026-05-15T12:06:59+00:00	DONE_TEST gpu=3 mid_f00_s43_gated_kd_thr050
2026-05-15T12:06:59+00:00	START gpu=3 proj_f02_s42_gated_kd_thr050
2026-05-15T12:06:59+00:00	DONE gpu=1 mid_f01_s42_gated_kd_thr050
2026-05-15T12:07:05+00:00	DONE_TEST gpu=2 mid_f01_s43_gated_kd_thr050
2026-05-15T12:07:05+00:00	DONE gpu=2 mid_f00_s42_gated_kd_thr050
2026-05-15T12:07:05+00:00	START gpu=2 proj_f00_s43_gated_kd_thr050
2026-05-15T12:07:14+00:00	DONE_TEST gpu=1 mid_f01_s42_gated_kd_thr050
2026-05-15T12:07:14+00:00	START gpu=1 proj_f00_s42_gated_kd_thr050
2026-05-15T12:07:18+00:00	DONE_TEST gpu=2 mid_f00_s42_gated_kd_thr050
2026-05-15T12:07:18+00:00	START gpu=2 proj_f01_s44_gated_kd_thr050
2026-05-15T12:07:51+00:00	DONE gpu=0 drr_f04_s43_gated_kd_thr050
2026-05-15T12:07:59+00:00	DONE gpu=0 mid_f00_s44_gated_kd_thr050
2026-05-15T12:08:02+00:00	DONE gpu=1 drr_f04_s44_gated_kd_thr050
2026-05-15T12:08:04+00:00	DONE_TEST gpu=0 drr_f04_s43_gated_kd_thr050
2026-05-15T12:08:04+00:00	START gpu=0 mid_f04_s44_gated_kd_thr050
2026-05-15T12:08:13+00:00	DONE_TEST gpu=0 mid_f00_s44_gated_kd_thr050
2026-05-15T12:08:13+00:00	START gpu=0 proj_f01_s42_gated_kd_thr050
2026-05-15T12:08:15+00:00	DONE_TEST gpu=1 drr_f04_s44_gated_kd_thr050
2026-05-15T12:08:15+00:00	START gpu=1 proj_f01_s43_gated_kd_thr050
2026-05-15T12:08:32+00:00	DONE gpu=3 mid_f03_s42_gated_kd_thr050
2026-05-15T12:08:39+00:00	DONE gpu=2 mid_f02_s44_gated_kd_thr050
2026-05-15T12:08:45+00:00	DONE_TEST gpu=3 mid_f03_s42_gated_kd_thr050
2026-05-15T12:08:45+00:00	START gpu=3 proj_f03_s43_gated_kd_thr050
2026-05-15T12:08:52+00:00	DONE_TEST gpu=2 mid_f02_s44_gated_kd_thr050
2026-05-15T12:08:52+00:00	START gpu=2 proj_f03_s42_gated_kd_thr050
2026-05-15T12:09:01+00:00	DONE gpu=0 mid_f02_s42_gated_kd_thr050
2026-05-15T12:09:14+00:00	DONE_TEST gpu=0 mid_f02_s42_gated_kd_thr050
2026-05-15T12:09:14+00:00	START gpu=0 proj_f02_s43_gated_kd_thr050
2026-05-15T12:09:17+00:00	DONE gpu=1 mid_f02_s43_gated_kd_thr050
2026-05-15T12:09:30+00:00	DONE_TEST gpu=1 mid_f02_s43_gated_kd_thr050
2026-05-15T12:09:30+00:00	START gpu=1 proj_f02_s44_gated_kd_thr050
2026-05-15T12:22:29+00:00	DONE gpu=3 mid_f04_s43_gated_kd_thr050
2026-05-15T12:22:42+00:00	DONE_TEST gpu=3 mid_f04_s43_gated_kd_thr050
2026-05-15T12:22:42+00:00	START gpu=3 proj_f04_s44_gated_kd_thr050
2026-05-15T12:23:07+00:00	DONE gpu=0 mid_f03_s43_gated_kd_thr050
2026-05-15T12:23:21+00:00	DONE_TEST gpu=0 mid_f03_s43_gated_kd_thr050
2026-05-15T12:23:21+00:00	START gpu=0 proj_f03_s44_gated_kd_thr050
2026-05-15T12:23:22+00:00	DONE gpu=2 mid_f04_s42_gated_kd_thr050
2026-05-15T12:23:30+00:00	DONE gpu=1 mid_f03_s44_gated_kd_thr050
2026-05-15T12:23:35+00:00	DONE_TEST gpu=2 mid_f04_s42_gated_kd_thr050
2026-05-15T12:23:35+00:00	START gpu=2 proj_f04_s43_gated_kd_thr050
2026-05-15T12:23:44+00:00	DONE_TEST gpu=1 mid_f03_s44_gated_kd_thr050
2026-05-15T12:23:44+00:00	START gpu=1 proj_f04_s42_gated_kd_thr050
2026-05-15T12:24:22+00:00	DONE gpu=3 proj_f00_s44_gated_kd_thr050
2026-05-15T12:24:35+00:00	DONE_TEST gpu=3 proj_f00_s44_gated_kd_thr050
2026-05-15T12:24:41+00:00	DONE gpu=2 proj_f01_s44_gated_kd_thr050
2026-05-15T12:24:55+00:00	DONE_TEST gpu=2 proj_f01_s44_gated_kd_thr050
2026-05-15T12:25:40+00:00	DONE gpu=0 proj_f01_s42_gated_kd_thr050
2026-05-15T12:25:54+00:00	DONE_TEST gpu=0 proj_f01_s42_gated_kd_thr050
2026-05-15T12:25:57+00:00	DONE gpu=3 proj_f02_s42_gated_kd_thr050
2026-05-15T12:25:59+00:00	DONE gpu=1 proj_f00_s42_gated_kd_thr050
2026-05-15T12:25:59+00:00	DONE gpu=2 proj_f00_s43_gated_kd_thr050
2026-05-15T12:26:10+00:00	DONE_TEST gpu=3 proj_f02_s42_gated_kd_thr050
2026-05-15T12:26:11+00:00	DONE gpu=1 proj_f01_s43_gated_kd_thr050
2026-05-15T12:26:11+00:00	DONE_TEST gpu=2 proj_f00_s43_gated_kd_thr050
2026-05-15T12:26:12+00:00	DONE_TEST gpu=1 proj_f00_s42_gated_kd_thr050
2026-05-15T12:26:24+00:00	DONE_TEST gpu=1 proj_f01_s43_gated_kd_thr050
2026-05-15T12:26:36+00:00	DONE gpu=0 mid_f04_s44_gated_kd_thr050
2026-05-15T12:26:48+00:00	DONE_TEST gpu=0 mid_f04_s44_gated_kd_thr050
2026-05-15T12:27:17+00:00	DONE gpu=2 proj_f03_s42_gated_kd_thr050
2026-05-15T12:27:21+00:00	DONE gpu=3 proj_f03_s43_gated_kd_thr050
2026-05-15T12:27:29+00:00	DONE_TEST gpu=2 proj_f03_s42_gated_kd_thr050
2026-05-15T12:27:33+00:00	DONE_TEST gpu=3 proj_f03_s43_gated_kd_thr050
2026-05-15T12:27:56+00:00	DONE gpu=0 proj_f02_s43_gated_kd_thr050
2026-05-15T12:27:56+00:00	DONE gpu=1 proj_f02_s44_gated_kd_thr050
2026-05-15T12:28:08+00:00	DONE_TEST gpu=0 proj_f02_s43_gated_kd_thr050
2026-05-15T12:28:08+00:00	DONE_TEST gpu=1 proj_f02_s44_gated_kd_thr050
2026-05-15T12:39:56+00:00	DONE gpu=3 proj_f04_s44_gated_kd_thr050
2026-05-15T12:40:07+00:00	DONE_TEST gpu=3 proj_f04_s44_gated_kd_thr050
2026-05-15T12:40:07+00:00	GPU_QUEUE_DONE gpu=3
2026-05-15T12:40:43+00:00	DONE gpu=0 proj_f03_s44_gated_kd_thr050
2026-05-15T12:40:53+00:00	DONE gpu=1 proj_f04_s42_gated_kd_thr050
2026-05-15T12:40:55+00:00	DONE_TEST gpu=0 proj_f03_s44_gated_kd_thr050
2026-05-15T12:40:55+00:00	GPU_QUEUE_DONE gpu=0
2026-05-15T12:41:04+00:00	DONE_TEST gpu=1 proj_f04_s42_gated_kd_thr050
2026-05-15T12:41:04+00:00	GPU_QUEUE_DONE gpu=1
2026-05-15T12:41:06+00:00	DONE gpu=2 proj_f04_s43_gated_kd_thr050
2026-05-15T12:41:17+00:00	DONE_TEST gpu=2 proj_f04_s43_gated_kd_thr050
2026-05-15T12:41:17+00:00	GPU_QUEUE_DONE gpu=2
